hu	epic	title	priority	sprint	points	owner	labels	branch	file
HU-001	EP-00	Inicializar la estructura del repositorio	P0	1	5	Juan	chore,area:repo,priority:P0,epic:EP-00	chore/HU-001-inicializar-estructura-repositorio	docs/wiki/06-backlog/epicas/EP-00-base-tecnica-y-estandares.md
HU-002	EP-00	Levantar infraestructura local reproducible	P0	1	5	Sara	chore,area:infra,priority:P0,epic:EP-00	chore/HU-002-levantar-infraestructura-local-reproducible	docs/wiki/06-backlog/epicas/EP-00-base-tecnica-y-estandares.md
HU-003	EP-00	Definir y versionar contratos de eventos v1	P0	1	3	Sara	enhancement,area:contracts,priority:P0,epic:EP-00	feat/HU-003-definir-versionar-contratos-eventos-v1	docs/wiki/06-backlog/epicas/EP-00-base-tecnica-y-estandares.md
HU-004	EP-00	Configurar tópicos Kafka del prototipo	P0	1	2	Juan	chore,area:infra,priority:P0,epic:EP-00	chore/HU-004-configurar-topicos-kafka-prototipo	docs/wiki/06-backlog/epicas/EP-00-base-tecnica-y-estandares.md
HU-005	EP-00	Registrar los ADR del proyecto	P0	1	5	Sara	adr,documentation,area:docs,priority:P0,epic:EP-00	docs/HU-005-registrar-adr-proyecto	docs/wiki/06-backlog/epicas/EP-00-base-tecnica-y-estandares.md
HU-008	EP-00	Alinear el documento técnico con las decisiones consolidadas	P0	1	3	Sara	documentation,area:docs,priority:P0,epic:EP-00	docs/HU-008-alinear-documento-tecnico-decisiones-consolidadas	docs/wiki/06-backlog/epicas/EP-00-base-tecnica-y-estandares.md
HU-009	EP-00	Configurar los estándares del repositorio	P0	1	2	Juan	chore,area:repo,priority:P0,epic:EP-00	chore/HU-009-configurar-estandares-repositorio	docs/wiki/06-backlog/epicas/EP-00-base-tecnica-y-estandares.md
HU-101	EP-01	Crear un pedido válido	P0	1	5	Sara	enhancement,area:order-service,priority:P0,epic:EP-01	feat/HU-101-crear-pedido-valido	docs/wiki/06-backlog/epicas/EP-01-pedidos.md
HU-102	EP-01	Consultar un pedido por identificador	P0	1	2	Juan	enhancement,area:order-service,priority:P0,epic:EP-01	feat/HU-102-consultar-pedido-identificador	docs/wiki/06-backlog/epicas/EP-01-pedidos.md
HU-401	EP-04	Enrutar operaciones de pedidos	P0	1	3	Juan	enhancement,area:gateway,priority:P0,epic:EP-04	feat/HU-401-enrutar-operaciones-pedidos	docs/wiki/06-backlog/epicas/EP-04-gateway-y-contratos.md
HU-103	EP-01	Publicar OrderCreated al crear el pedido	P0	2	5	Sara	enhancement,area:order-service,priority:P0,epic:EP-01	feat/HU-103-publicar-ordercreated-crear-pedido	docs/wiki/06-backlog/epicas/EP-01-pedidos.md
HU-107	EP-01	Evitar pedidos duplicados con Idempotency-Key	P0	2	3	Sara	enhancement,area:order-service,priority:P0,epic:EP-01	feat/HU-107-evitar-pedidos-duplicados-idempotency-key	docs/wiki/06-backlog/epicas/EP-01-pedidos.md
HU-403	EP-04	Propagar correlationId y manejar CORS	P1	2	3	Juan	enhancement,area:gateway,priority:P1,epic:EP-04	feat/HU-403-propagar-correlationid-manejar-cors	docs/wiki/06-backlog/epicas/EP-04-gateway-y-contratos.md
HU-404	EP-04	Contrato OpenAPI y errores Problem Details	P0	2	5	Sara	enhancement,area:contracts,priority:P0,epic:EP-04	feat/HU-404-contrato-openapi-errores-problem-details	docs/wiki/06-backlog/epicas/EP-04-gateway-y-contratos.md
HU-501	EP-05	Crear un pedido desde Angular	P0	2	5	Juan	enhancement,area:frontend,priority:P0,epic:EP-05	feat/HU-501-crear-pedido-desde-angular	docs/wiki/06-backlog/epicas/EP-05-frontend.md
HU-502	EP-05	Consultar y visualizar el estado del pedido	P0	2	2	Juan	enhancement,area:frontend,priority:P0,epic:EP-05	feat/HU-502-consultar-visualizar-estado-pedido	docs/wiki/06-backlog/epicas/EP-05-frontend.md
HU-604	EP-06	Exponer health checks de componentes	P1	2	2	Sara	enhancement,area:order-service,area:payment-service,area:notification-service,priority:P1,epic:EP-06	feat/HU-604-exponer-health-checks-componentes	docs/wiki/06-backlog/epicas/EP-06-resiliencia-y-calidad.md
HU-104	EP-01	Actualizar el pedido ante un pago aprobado	P0	3	3	Juan	enhancement,area:order-service,priority:P0,epic:EP-01	feat/HU-104-actualizar-pedido-ante-pago-aprobado	docs/wiki/06-backlog/epicas/EP-01-pedidos.md
HU-105	EP-01	Actualizar el pedido ante un pago rechazado	P0	3	2	Juan	enhancement,area:order-service,priority:P0,epic:EP-01	feat/HU-105-actualizar-pedido-ante-pago-rechazado	docs/wiki/06-backlog/epicas/EP-01-pedidos.md
HU-106	EP-01	Publicar OrderStatusChanged al cambiar el estado del pedido	P1	3	3	Juan	enhancement,area:order-service,priority:P1,epic:EP-01	feat/HU-106-publicar-orderstatuschanged-cambiar-estado-pedido	docs/wiki/06-backlog/epicas/EP-01-pedidos.md
HU-201	EP-02	Consumir OrderCreated para iniciar un pago	P0	3	3	Sara	enhancement,area:payment-service,priority:P0,epic:EP-02	feat/HU-201-consumir-ordercreated-iniciar-pago	docs/wiki/06-backlog/epicas/EP-02-pagos.md
HU-202	EP-02	Procesar y persistir el resultado del pago	P0	3	5	Sara	enhancement,area:payment-service,priority:P0,epic:EP-02	feat/HU-202-procesar-persistir-resultado-pago	docs/wiki/06-backlog/epicas/EP-02-pagos.md
HU-203	EP-02	Publicar PaymentApproved	P0	3	2	Sara	enhancement,area:payment-service,priority:P0,epic:EP-02	feat/HU-203-publicar-paymentapproved	docs/wiki/06-backlog/epicas/EP-02-pagos.md
HU-204	EP-02	Publicar PaymentRejected	P0	3	2	Sara	enhancement,area:payment-service,priority:P0,epic:EP-02	feat/HU-204-publicar-paymentrejected	docs/wiki/06-backlog/epicas/EP-02-pagos.md
HU-702	EP-07	Proyección laboral en la matriz de mercado	P0	3	2	Juan	documentation,area:docs,priority:P0,epic:EP-07	docs/HU-702-proyeccion-laboral-matriz-mercado	docs/wiki/06-backlog/epicas/EP-07-entregables-y-sustentacion.md
HU-703	EP-07	Patrones, antipatrones y trazabilidad en el documento técnico	P0	3	3	Sara	documentation,area:docs,priority:P0,epic:EP-07	docs/HU-703-patrones-antipatrones-trazabilidad-documento-tecnico	docs/wiki/06-backlog/epicas/EP-07-entregables-y-sustentacion.md
HU-301	EP-03	Crear una notificación ante el resultado del pago	P0	4	5	Sara	enhancement,area:notification-service,priority:P0,epic:EP-03	feat/HU-301-crear-notificacion-ante-resultado-pago	docs/wiki/06-backlog/epicas/EP-03-notificaciones.md
HU-302	EP-03	Enviar una notificación mediante el proveedor externo	P0	4	5	Sara	enhancement,area:notification-service,priority:P0,epic:EP-03	feat/HU-302-enviar-notificacion-mediante-proveedor-externo	docs/wiki/06-backlog/epicas/EP-03-notificaciones.md
HU-303	EP-03	Registrar y publicar una notificación enviada	P0	4	3	Sara	enhancement,area:notification-service,priority:P0,epic:EP-03	feat/HU-303-registrar-publicar-notificacion-enviada	docs/wiki/06-backlog/epicas/EP-03-notificaciones.md
HU-304	EP-03	Registrar y publicar una notificación fallida	P0	4	5	Sara	enhancement,area:notification-service,priority:P0,epic:EP-03	feat/HU-304-registrar-publicar-notificacion-fallida	docs/wiki/06-backlog/epicas/EP-03-notificaciones.md
HU-305	EP-03	Consultar las notificaciones de un pedido	P1	4	3	Juan	enhancement,area:notification-service,priority:P1,epic:EP-03	feat/HU-305-consultar-notificaciones-pedido	docs/wiki/06-backlog/epicas/EP-03-notificaciones.md
HU-306	EP-03	Mock del proveedor de notificaciones	P0	4	3	Juan	chore,area:mocks,priority:P0,epic:EP-03	chore/HU-306-mock-proveedor-notificaciones	docs/wiki/06-backlog/epicas/EP-03-notificaciones.md
HU-402	EP-04	Enrutar la consulta de notificaciones	P1	4	3	Juan	enhancement,area:gateway,priority:P1,epic:EP-04	feat/HU-402-enrutar-consulta-notificaciones	docs/wiki/06-backlog/epicas/EP-04-gateway-y-contratos.md
HU-504	EP-05	Visualizar el estado de la notificación	P1	4	3	Juan	enhancement,area:frontend,priority:P1,epic:EP-05	feat/HU-504-visualizar-estado-notificacion	docs/wiki/06-backlog/epicas/EP-05-frontend.md
HU-006	EP-00	Guardas de arquitectura ejecutables	P1	5	5	Juan	chore,area:repo,priority:P1,epic:EP-00	chore/HU-006-guardas-arquitectura-ejecutables	docs/wiki/06-backlog/epicas/EP-00-base-tecnica-y-estandares.md
HU-505	EP-05	Visualizar el flujo integral de un pedido	P1	5	5	Juan	enhancement,area:frontend,priority:P1,epic:EP-05	feat/HU-505-visualizar-flujo-integral-pedido	docs/wiki/06-backlog/epicas/EP-05-frontend.md
HU-601	EP-06	Hacer idempotentes los consumidores Kafka	P0	5	5	Sara	enhancement,area:order-service,area:payment-service,area:notification-service,priority:P0,epic:EP-06	feat/HU-601-hacer-idempotentes-consumidores-kafka	docs/wiki/06-backlog/epicas/EP-06-resiliencia-y-calidad.md
HU-602	EP-06	Aplicar reintentos y DLQ a eventos fallidos	P0	5	5	Sara	enhancement,area:order-service,area:payment-service,area:notification-service,priority:P0,epic:EP-06	feat/HU-602-aplicar-reintentos-dlq-eventos-fallidos	docs/wiki/06-backlog/epicas/EP-06-resiliencia-y-calidad.md
HU-603	EP-06	Implementar logs estructurados y correlacionados	P1	5	3	Sara	enhancement,area:order-service,area:payment-service,area:notification-service,priority:P1,epic:EP-06	feat/HU-603-implementar-logs-estructurados-correlacionados	docs/wiki/06-backlog/epicas/EP-06-resiliencia-y-calidad.md
HU-605	EP-06	Automatizar pruebas de integración del flujo Kafka	P1	5	5	Sara	enhancement,area:order-service,area:payment-service,area:notification-service,priority:P1,epic:EP-06	feat/HU-605-automatizar-pruebas-integracion-flujo-kafka	docs/wiki/06-backlog/epicas/EP-06-resiliencia-y-calidad.md
HU-607	EP-06	Scripts de arranque, parada y prueba de humo	P0	5	2	Juan	chore,area:infra,priority:P0,epic:EP-06	chore/HU-607-scripts-arranque-parada-prueba-humo	docs/wiki/06-backlog/epicas/EP-06-resiliencia-y-calidad.md
HU-606	EP-06	Validar el flujo end-to-end contenerizado	P0	6	8	Sara	enhancement,area:infra,priority:P0,epic:EP-06	feat/HU-606-validar-flujo-end-to-end	docs/wiki/06-backlog/epicas/EP-06-resiliencia-y-calidad.md
HU-608	EP-06	Verificar los atributos de calidad	P0	6	5	Juan	enhancement,area:infra,area:docs,priority:P0,epic:EP-06	feat/HU-608-verificar-atributos-calidad	docs/wiki/06-backlog/epicas/EP-06-resiliencia-y-calidad.md
HU-701	EP-07	README, tag y release	P0	6	3	Sara	documentation,area:docs,area:repo,priority:P0,epic:EP-07	docs/HU-701-readme-tag-release	docs/wiki/06-backlog/epicas/EP-07-entregables-y-sustentacion.md
HU-704	EP-07	Diagramas exportados desde sus fuentes	P0	6	2	Juan	documentation,area:docs,priority:P0,epic:EP-07	docs/HU-704-diagramas-exportados-desde-sus-fuentes	docs/wiki/06-backlog/epicas/EP-07-entregables-y-sustentacion.md
HU-705	EP-07	Lecciones aprendidas	P0	6	5	Sara	documentation,area:docs,priority:P0,epic:EP-07	docs/HU-705-lecciones-aprendidas	docs/wiki/06-backlog/epicas/EP-07-entregables-y-sustentacion.md
HU-706	EP-07	Presentación, demo y ensayo	P0	6	5	Juan	documentation,area:docs,priority:P0,epic:EP-07	docs/HU-706-presentacion-demo-ensayo	docs/wiki/06-backlog/epicas/EP-07-entregables-y-sustentacion.md
HU-707	EP-07	Segmento de arquitectura en la sustentación	P0	6	2	Sara	documentation,area:docs,priority:P0,epic:EP-07	docs/HU-707-segmento-arquitectura-sustentacion	docs/wiki/06-backlog/epicas/EP-07-entregables-y-sustentacion.md
HU-007	EP-00	CI automático (opcional)	P2	-	-	-	chore,area:repo,priority:P2,epic:EP-00	chore/HU-007-ci-automatico-opcional	docs/wiki/06-backlog/epicas/EP-00-base-tecnica-y-estandares.md
HU-010	EP-00	Versionado de esquemas con Flyway (opcional)	P2	-	-	-	chore,area:infra,priority:P2,epic:EP-00	chore/HU-010-versionado-esquemas-flyway-opcional	docs/wiki/06-backlog/epicas/EP-00-base-tecnica-y-estandares.md
HU-011	EP-06	Pruebas de integración con Testcontainers (opcional)	P2	-	-	-	chore,area:infra,priority:P2,epic:EP-06	chore/HU-011-pruebas-integracion-testcontainers-opcional	docs/wiki/06-backlog/epicas/EP-06-resiliencia-y-calidad.md
HU-205	EP-02	Consultar el pago de un pedido	P2	-	-	-	enhancement,area:payment-service,priority:P2,epic:EP-02	feat/HU-205-consultar-pago-pedido	docs/wiki/06-backlog/epicas/EP-02-pagos.md
HU-506	EP-05	Unificar la interfaz web con un diseño base	P1	5	3	Juan	enhancement,area:frontend,priority:P1,epic:EP-05	feat/HU-506-diseno-base-interfaz-web	docs/wiki/06-backlog/epicas/EP-05-frontend.md
HU-503	EP-05	Visualizar el resultado del pago	P2	-	-	-	enhancement,area:frontend,priority:P2,epic:EP-05	feat/HU-503-visualizar-resultado-pago	docs/wiki/06-backlog/epicas/EP-05-frontend.md
